{"cameraMode":{"drawMode":0,"name":"Shaded","section":"Shading Mode"},"sceneLighting":false,"audioPlay":false,"sceneViewState":{"m_AlwaysRefresh":false,"showFog":true,"showSkybox":true,"showFlares":true,"showImageEffects":true,"showParticleSystems":true,"showVisualEffectGraphs":true,"m_FxEnabled":true},"in2DMode":false,"pivot":{"x":64.85855102539063,"y":10.336295127868653,"z":75.21461486816406},"rotation":{"x":0.07779058814048767,"y":0.9193652272224426,"z":-0.2326144427061081,"w":0.30753371119499209},"size":0.9832592606544495,"orthographic":false}