{"cameraMode":{"drawMode":0,"name":"Shaded","section":"Shading Mode"},"sceneLighting":false,"audioPlay":false,"sceneViewState":{"m_AlwaysRefresh":false,"showFog":true,"showSkybox":true,"showFlares":true,"showImageEffects":true,"showParticleSystems":true,"showVisualEffectGraphs":true,"m_FxEnabled":true},"in2DMode":false,"pivot":{"x":77.53856658935547,"y":-1.481313705444336,"z":52.598976135253909},"rotation":{"x":0.005233680829405785,"y":0.9727521538734436,"z":-0.23064841330051423,"w":0.022191163152456285},"size":23.71112060546875,"orthographic":false}