{"cameraMode":{"drawMode":0,"name":"Shaded","section":"Shading Mode"},"sceneLighting":false,"audioPlay":false,"sceneViewState":{"m_AlwaysRefresh":false,"showFog":true,"showSkybox":true,"showFlares":true,"showImageEffects":true,"showParticleSystems":true,"showVisualEffectGraphs":true,"m_FxEnabled":true},"in2DMode":false,"pivot":{"x":85.80258178710938,"y":0.1279926300048828,"z":57.559654235839847},"rotation":{"x":0.06914249062538147,"y":0.9166773557662964,"z":-0.1816471964120865,"w":0.34913772344589236},"size":22.376914978027345,"orthographic":false}